{"meta": {"format": 3, "version": "7.13.2", "timestamp": "2026-02-13T22:23:29.300263", "branch_coverage": true, "show_contexts": false}, "files": {"src\\utils\\image_generator.py": {"executed_lines": [6, 7, 8, 9, 10, 11, 13, 16, 17, 20, 21, 22, 26, 30, 32, 33, 35, 46, 47, 50, 54, 55, 56, 57, 63, 64, 65, 66, 69, 72, 75, 78, 80, 83, 88, 111, 114, 117, 118, 119, 120, 121, 122, 123, 127, 130, 131, 132, 133, 140, 150, 160, 170, 171, 172, 173, 174, 179, 180, 181, 182, 187, 188, 191, 205, 206, 207, 216, 219, 222, 223, 227, 228, 229, 230, 231, 232, 235, 238, 240, 241, 243, 246, 253, 254, 256, 258, 260, 261, 262, 268, 269, 271, 272, 275, 276, 277, 278, 279, 280, 281, 283, 286, 293, 294, 296, 297, 299, 300, 310, 311, 313, 314, 316, 317, 318, 319, 320, 321, 322, 324, 327, 334, 335, 336, 338, 340, 342, 343, 350, 351, 352, 354, 355, 356, 358, 361, 363, 364, 365, 367, 368, 370, 371, 374, 375, 378, 379, 380, 381, 382, 402, 404, 405, 407, 410, 425, 426, 428, 429, 430, 431, 432, 433, 435, 436, 439, 448, 453, 455, 456, 458, 470, 471, 473, 476, 486, 487, 491, 493, 495, 496, 498, 507, 509, 510, 511, 512, 513, 514, 515, 517, 518, 519, 521, 524, 531, 534, 537, 539, 541, 542, 543, 544, 545, 546, 548, 551, 557, 558, 559, 560, 562, 564, 565, 567, 568, 569, 570, 572, 573, 575, 576, 577, 579, 582, 588, 589, 590, 592, 594, 595, 606, 607, 611, 614, 625, 626, 627, 629, 631, 632, 633, 634, 635, 636, 638], "summary": {"covered_lines": 247, "num_statements": 311, "percent_covered": 76.144578313253, "percent_covered_display": "76.14", "missing_lines": 64, "excluded_lines": 0, "percent_statements_covered": 79.42122186495178, "percent_statements_covered_display": "79.42", "num_branches": 104, "num_partial_branches": 15, "covered_branches": 69, "missing_branches": 35, "percent_branches_covered": 66.34615384615384, "percent_branches_covered_display": "66.35"}, "missing_lines": [23, 24, 36, 38, 39, 40, 41, 42, 43, 44, 45, 81, 124, 125, 134, 135, 136, 137, 141, 142, 143, 144, 145, 146, 147, 151, 152, 153, 154, 155, 156, 157, 161, 162, 163, 164, 165, 166, 167, 175, 176, 183, 184, 185, 385, 386, 388, 389, 391, 394, 395, 396, 397, 399, 400, 488, 489, 597, 599, 603, 604, 605, 608, 609], "excluded_lines": [], "executed_branches": [[80, 83], [118, 119], [118, 127], [121, 122], [130, 131], [133, 140], [140, 150], [150, 160], [160, 170], [173, 174], [173, 179], [182, 187], [206, 207], [206, 216], [222, 223], [222, 227], [227, 228], [227, 229], [229, 230], [229, 231], [231, 232], [231, 235], [253, 254], [253, 256], [272, 275], [272, 283], [293, 294], [293, 296], [314, 316], [334, 335], [334, 338], [358, 361], [358, 402], [363, 364], [363, 374], [367, 363], [367, 368], [370, 363], [370, 371], [374, 375], [374, 378], [378, 379], [426, 428], [426, 439], [429, 430], [429, 435], [430, 431], [430, 432], [432, 429], [432, 433], [435, 436], [455, 456], [455, 458], [470, 471], [470, 473], [487, 491], [509, 510], [509, 517], [511, 512], [542, 543], [542, 548], [558, 559], [558, 562], [569, 570], [569, 575], [589, 590], [589, 592], [627, 629], [627, 638]], "missing_branches": [[35, 36], [35, 50], [38, 39], [38, 40], [40, 41], [40, 42], [42, 43], [42, 50], [80, 81], [121, 130], [130, 140], [133, 134], [140, 141], [143, 144], [143, 150], [150, 151], [153, 154], [153, 160], [160, 161], [163, 164], [163, 170], [182, 183], [314, 324], [378, 385], [385, 386], [385, 388], [388, 389], [388, 399], [394, 395], [394, 396], [435, 439], [487, 488], [511, 521], [603, 604], [603, 611]], "functions": {"_get_api_key": {"executed_lines": [32, 33, 35, 46, 47, 50], "summary": {"covered_lines": 6, "num_statements": 15, "percent_covered": 26.08695652173913, "percent_covered_display": "26.09", "missing_lines": 9, "excluded_lines": 0, "percent_statements_covered": 40.0, "percent_statements_covered_display": "40.00", "num_branches": 8, "num_partial_branches": 2, "covered_branches": 0, "missing_branches": 8, "percent_branches_covered": 0.0, "percent_branches_covered_display": "0.00"}, "missing_lines": [36, 38, 39, 40, 41, 42, 43, 44, 45], "excluded_lines": [], "start_line": 30, "executed_branches": [], "missing_branches": [[35, 36], [35, 50], [38, 39], [38, 40], [40, 41], [40, 42], [42, 43], [42, 50]]}, "generer_image_recette": {"executed_lines": [111, 114, 117, 118, 119, 120, 121, 122, 123, 127, 130, 131, 132, 133, 140, 150, 160, 170, 171, 172, 173, 174, 179, 180, 181, 182, 187, 188], "summary": {"covered_lines": 28, "num_statements": 60, "percent_covered": 46.42857142857143, "percent_covered_display": "46.43", "missing_lines": 32, "excluded_lines": 0, "percent_statements_covered": 46.666666666666664, "percent_statements_covered_display": "46.67", "num_branches": 24, "num_partial_branches": 7, "covered_branches": 11, "missing_branches": 13, "percent_branches_covered": 45.833333333333336, "percent_branches_covered_display": "45.83"}, "missing_lines": [124, 125, 134, 135, 136, 137, 141, 142, 143, 144, 145, 146, 147, 151, 152, 153, 154, 155, 156, 157, 161, 162, 163, 164, 165, 166, 167, 175, 176, 183, 184, 185], "excluded_lines": [], "start_line": 88, "executed_branches": [[118, 119], [118, 127], [121, 122], [130, 131], [133, 140], [140, 150], [150, 160], [160, 170], [173, 174], [173, 179], [182, 187]], "missing_branches": [[121, 130], [130, 140], [133, 134], [140, 141], [143, 144], [143, 150], [150, 151], [153, 154], [153, 160], [160, 161], [163, 164], [163, 170], [182, 183]]}, "_construire_query_optimisee": {"executed_lines": [205, 206, 207, 216, 219, 222, 223, 227, 228, 229, 230, 231, 232, 235, 238, 240, 241, 243], "summary": {"covered_lines": 18, "num_statements": 18, "percent_covered": 100.0, "percent_covered_display": "100.00", "missing_lines": 0, "excluded_lines": 0, "percent_statements_covered": 100.0, "percent_statements_covered_display": "100.00", "num_branches": 10, "num_partial_branches": 0, "covered_branches": 10, "missing_branches": 0, "percent_branches_covered": 100.0, "percent_branches_covered_display": "100.00"}, "missing_lines": [], "excluded_lines": [], "start_line": 191, "executed_branches": [[206, 207], [206, 216], [222, 223], [222, 227], [227, 228], [227, 229], [229, 230], [229, 231], [231, 232], [231, 235]], "missing_branches": []}, "_rechercher_image_pexels": {"executed_lines": [253, 254, 256, 258, 260, 261, 262, 268, 269, 271, 272, 275, 276, 277, 278, 279, 280, 281, 283], "summary": {"covered_lines": 19, "num_statements": 19, "percent_covered": 100.0, "percent_covered_display": "100.00", "missing_lines": 0, "excluded_lines": 0, "percent_statements_covered": 100.0, "percent_statements_covered_display": "100.00", "num_branches": 4, "num_partial_branches": 0, "covered_branches": 4, "missing_branches": 0, "percent_branches_covered": 100.0, "percent_branches_covered_display": "100.00"}, "missing_lines": [], "excluded_lines": [], "start_line": 246, "executed_branches": [[253, 254], [253, 256], [272, 275], [272, 283]], "missing_branches": []}, "_rechercher_image_pixabay": {"executed_lines": [293, 294, 296, 297, 299, 300, 310, 311, 313, 314, 316, 317, 318, 319, 320, 321, 322, 324], "summary": {"covered_lines": 18, "num_statements": 18, "percent_covered": 95.45454545454545, "percent_covered_display": "95.45", "missing_lines": 0, "excluded_lines": 0, "percent_statements_covered": 100.0, "percent_statements_covered_display": "100.00", "num_branches": 4, "num_partial_branches": 1, "covered_branches": 3, "missing_branches": 1, "percent_branches_covered": 75.0, "percent_branches_covered_display": "75.00"}, "missing_lines": [], "excluded_lines": [], "start_line": 286, "executed_branches": [[293, 294], [293, 296], [314, 316]], "missing_branches": [[314, 324]]}, "_rechercher_image_unsplash": {"executed_lines": [334, 335, 336, 338, 340, 342, 343, 350, 351, 352, 354, 355, 356, 358, 361, 363, 364, 365, 367, 368, 370, 371, 374, 375, 378, 379, 380, 381, 382, 402, 404, 405, 407], "summary": {"covered_lines": 33, "num_statements": 44, "percent_covered": 71.875, "percent_covered_display": "71.88", "missing_lines": 11,